{
	"version": 3,
	"configs":
	[
		{
			"config_name": "优势路 7.33c",
			"categories":
			[
				{
					"category_name": "50%+",
					"x_position": 0.000000,
					"y_position": 0.000000,
					"width": 400.000000,
					"height": 550.000000,
					"hero_ids":
					[
						102,
						21,
						94,
						89,
						56,
						119,
						22,
						12,
						126,
						42,
						113,
						81,
						67,
						49,
						32,
						4,
						104,
						112,
						18,
						6,
						8,
						63,
						138,
						97
					]
				},
				{
					"category_name": "50%-",
					"x_position": 450.000000,
					"y_position": 0.000000,
					"width": 400.000000,
					"height": 550.000000,
					"hero_ids":
					[
						95,
						54,
						1,
						93,
						11,
						14,
						41,
						46,
						70,
						73,
						109,
						136,
						44,
						114,
						48,
						10,
						35,
						72,
						80
					]
				}
			]
		}
	]
}